Company,Date,quarterly_comparison,Price_1,Price_2,Price_3,Price_4,Price_5,Price_6
ADANIENT_quarterly_results,2021-12-01,Depreciation increased by 3.3%. EPS decreased by 114.2%. Interest increased by 26.1%. Profit Before Tax decreased by 112.4%.,1714.0137939453125,1743.7095947265625,1638.801513671875,2039.9176025390625,2335.227294921875,2146.971923828125
ADANIENT_quarterly_results,2022-06-01,Depreciation increased by 3.2%. EPS decreased by 11.8 times. Interest increased by 4.1%. Profit Before Tax decreased by 12.0 times.,2228.122802734375,2656.42041015625,3228.717041015625,3152.87353515625,3570.686767578125,3909.611083984375
ADANIENT_quarterly_results,2022-12-01,Depreciation remained virtually unchanged. EPS decreased by 39.1%. Interest increased by 39.1%. Profit Before Tax decreased by 37.9%.,3835.814453125,2132.356201171875,1562.1068115234375,1715.0421142578125,1917.158203125,2488.656005859375
ADANIENT_quarterly_results,2023-06-01,Depreciation increased by 6.2%. EPS increased by 2.2 times. Interest decreased by 44.3%. Profit Before Tax increased by 2.1 times.,2382.1552734375,2480.099853515625,2449.0625,2386.28759765625,2216.40625,2361.74755859375
ADANIENT_quarterly_results,2023-12-01,Depreciation increased by 5.9%. EPS increased by 22.3%. Interest increased by 43.6%. Profit Before Tax increased by 22.2%.,2916.02392578125,3152.228759765625,3317.412109375,3250.7890625,3038.374755859375,3643.780517578125
ADANIENT_quarterly_results,2024-06-01,Depreciation increased by 5.6%. EPS decreased by 16.2%. Interest increased by 3.0%. Profit Before Tax decreased by 15.1%.,3183.800048828125,3217.25,3042.14990234375,3186.10009765625,,
ADANIPORTS_quarterly_results,2021-12-01,Depreciation decreased by 1.3%. EPS increased by 2.6 times. Interest increased by 23.8%. Profit Before Tax increased by 2.3 times.,723.5427856445312,725.6547241210938,697.7090454101562,771.8215942382812,841.3666381835938,723.8375854492188
ADANIPORTS_quarterly_results,2022-06-01,Depreciation remained virtually unchanged. EPS decreased by 176.8%. Interest decreased by 1.1%. Profit Before Tax decreased by 189.8%.,665.8834228515625,792.4992065429688,828.6500244140625,775.8331909179688,832.6063232421875,880.8239135742188
ADANIPORTS_quarterly_results,2022-12-01,Depreciation decreased by 1.3%. EPS decreased by 102.7%. Interest decreased by 0.5%. Profit Before Tax decreased by 103.9%.,813.3192749023438,489.74224853515625,595.524169921875,620.9435424804688,674.0570678710938,724.054931640625
ADANIPORTS_quarterly_results,2023-06-01,Depreciation increased by 5.3%. EPS increased by 36.4 times. Interest increased by 5.1%. Profit Before Tax increased by 25.3 times.,729.3465576171875,762.0802612304688,796.0844116210938,827.84814453125,765.8142700195312,824.2634887695312
ADANIPORTS_quarterly_results,2023-12-01,Depreciation increased by 5.0%. EPS increased by 33.5%. Interest increased by 16.3%. Profit Before Tax increased by 38.9%.,1043.3734130859375,1213.642822265625,1316.4517822265625,1370.02197265625,1333.0804443359375,1577.18310546875
ADANIPORTS_quarterly_results,2024-06-01,Depreciation decreased by 2.4%. EPS increased by 47.7%. Interest decreased by 16.4%. Profit Before Tax increased by 34.8%.,1474.5,1590.1500244140625,1494.5,1467.5,,
ASIANPAINT_quarterly_results,2021-12-01,Depreciation increased by 4.5%. EPS increased by 71.3%. Interest increased by 31.2%. Profit Before Tax increased by 71.9%.,3337.237548828125,3116.71533203125,2953.577880859375,3036.657958984375,3120.371826171875,2781.51904296875
ASIANPAINT_quarterly_results,2022-06-01,Depreciation remained virtually unchanged. EPS decreased by 0.3%. Interest decreased by 4.8%. Profit Before Tax increased by 0.4%.,2719.7265625,3260.504150390625,3380.154052734375,3239.271484375,3103.007080078125,3122.601318359375
ASIANPAINT_quarterly_results,2022-12-01,Depreciation increased by 2.7%. EPS increased by 6.7%. Interest increased by 25.0%. Profit Before Tax increased by 5.2%.,2992.859130859375,2694.776123046875,2790.192138671875,2727.4326171875,2847.79541015625,3182.856201171875
ASIANPAINT_quarterly_results,2023-06-01,Depreciation decreased by 9.0%. EPS increased by 39.0%. Interest increased by 4.0%. Profit Before Tax increased by 39.8%.,3320.717529296875,3305.1455078125,3222.688720703125,3131.037109375,2901.364013671875,3142.98974609375
ASIANPAINT_quarterly_results,2023-12-01,Depreciation increased by 10.5%. EPS decreased by 4.3%. Interest increased by 19.2%. Profit Before Tax decreased by 5.2%.,3363.555908203125,2901.278564453125,2804.61376953125,2843.48779296875,2946.88720703125,2838.981201171875
ASIANPAINT_quarterly_results,2024-06-01,Depreciation increased by 3.2%. EPS decreased by 17.4%. Interest decreased by 3.2%. Profit Before Tax decreased by 16.8%.,2927.800048828125,3099.35009765625,3150.949951171875,3277.35009765625,,
AXISBANK_quarterly_results,2021-12-01,EPS increased by 67.1%. Interest increased by 4.4%. Profit Before Tax increased by 67.4%.,693.3290405273438,778.5079956054688,746.9953002929688,771.1898803710938,724.194580078125,683.0737915039062
AXISBANK_quarterly_results,2022-06-01,EPS increased by 14.0%. Interest increased by 8.5%. Profit Before Tax increased by 14.5%.,641.1564331054688,728.7372436523438,742.049560546875,720.7098999023438,869.2893676757812,901.2987670898438
AXISBANK_quarterly_results,2022-12-01,EPS increased by 41.7%. Interest increased by 15.2%. Profit Before Tax increased by 41.8%.,938.942138671875,854.830322265625,862.7080078125,862.1594848632812,868.1925048828125,917.1040649414062
AXISBANK_quarterly_results,2023-06-01,EPS decreased by 1.1%. Interest increased by 26.3%. Profit Before Tax decreased by 0.8%.,979.3278198242188,959.1597900390624,990.3856811523438,1040.2471923828125,971.0505981445312,1103.7982177734375
AXISBANK_quarterly_results,2023-12-01,EPS increased by 4.6%. Interest increased by 13.5%. Profit Before Tax increased by 4.3%.,1096.8533935546875,1083.413818359375,1098.40234375,1052.287841796875,1148.9632568359375,1222.9561767578125
AXISBANK_quarterly_results,2024-06-01,EPS decreased by 0.8%. Interest increased by 7.7%. Profit Before Tax decreased by 0.6%.,1260.9268798828125,1172.300048828125,1188.800048828125,1226.6500244140625,,
BAJAJ-AUTO_quarterly_results,2021-12-01,Depreciation increased by 9.4%. EPS increased by 14.4%. Interest remained virtually unchanged. Profit Before Tax increased by 13.7%.,3040.009521484375,3278.74072265625,3128.322021484375,3469.326904296875,3361.3017578125,3450.959716796875
BAJAJ-AUTO_quarterly_results,2022-06-01,Depreciation decreased by 4.3%. EPS decreased by 3.4%. Interest increased by 2.0 times. Profit Before Tax decreased by 1.8%.,3488.653076171875,3824.2744140625,3923.4111328125,3383.50048828125,3592.698486328125,3568.5400390625
BAJAJ-AUTO_quarterly_results,2022-12-01,Depreciation increased by 10.4%. EPS increased by 30.0%. Interest increased by 2.0 times. Profit Before Tax increased by 27.1%.,3439.90283203125,3668.3505859375,3591.687744140625,3843.957275390625,4329.294921875,4469.43359375
BAJAJ-AUTO_quarterly_results,2023-06-01,Depreciation increased by 13.5%. EPS increased by 11.6%. Interest increased by 50.0%. Profit Before Tax increased by 12.3%.,4573.47998046875,4884.25439453125,4630.814453125,4976.0087890625,5301.26513671875,5997.30810546875
BAJAJ-AUTO_quarterly_results,2023-12-01,Depreciation increased by 4.8%. EPS increased by 22.6%. Interest remained virtually unchanged. Profit Before Tax increased by 21.4%.,6647.0771484375,7594.03125,7975.23291015625,8969.2548828125,9037.2021484375,9260.1904296875
BAJAJ-AUTO_quarterly_results,2024-06-01,Depreciation increased by 6.8%. EPS decreased by 1.2%. Interest increased by 75.0%. Profit Before Tax decreased by 2.0%.,9532.400390625,9730.5,11126.099609375,12157.4501953125,,
BAJAJFINSV_quarterly_results,2021-12-01,Depreciation remained virtually unchanged. Profit Before Tax increased by 225.0 times.,1695.5546875,1587.97314453125,1602.8656005859375,1711.32080078125,1493.4765625,1257.749755859375
BAJAJFINSV_quarterly_results,2022-06-01,Depreciation remained virtually unchanged. EPS increased by 37.7%. Profit Before Tax increased by 38.7%.,1130.945068359375,1505.5662841796875,1738.6263427734375,1644.6949462890625,1707.0728759765625,1636.9041748046875
BAJAJFINSV_quarterly_results,2022-12-01,Depreciation remained virtually unchanged. EPS decreased by 97.9%. Profit Before Tax decreased by 98.1%.,1550.7039794921875,1266.832763671875,1342.3453369140625,1281.4656982421875,1347.4893798828125,1448.472412109375
BAJAJFINSV_quarterly_results,2023-06-01,Depreciation remained virtually unchanged. EPS increased by 84.3 times. Profit Before Tax increased by 91.5 times.,1539.12890625,1571.358642578125,1513.545166015625,1560.0657958984375,1571.8582763671875,1684.886962890625
BAJAJFINSV_quarterly_results,2023-12-01,Depreciation remained virtually unchanged. EPS decreased by 98.8%. Profit Before Tax decreased by 98.7%.,1675.343017578125,1621.2271728515625,1612.3828125,1644.962158203125,1614.431396484375,1574.8065185546875
BAJAJFINSV_quarterly_results,2024-06-01,Depreciation remained virtually unchanged. EPS increased by 132.0 times. Profit Before Tax increased by 122.4 times.,1580.199951171875,1634.800048828125,1840.550048828125,1975.25,,
BAJFINANCE_quarterly_results,2021-12-01,Depreciation increased by 8.5%. EPS increased by 2.3 times. Interest increased by 11.8%. Profit Before Tax increased by 2.3 times.,7127.19189453125,6924.81591796875,6744.1083984375,7313.279296875,6541.33740234375,5933.22216796875
BAJFINANCE_quarterly_results,2022-06-01,Depreciation increased by 14.6%. EPS increased by 21.4%. Interest increased by 1.7%. Profit Before Tax increased by 21.7%.,5562.71875,7194.16162109375,7115.19482421875,7105.78271484375,7143.1357421875,6685.63623046875
BAJFINANCE_quarterly_results,2022-12-01,Depreciation increased by 5.9%. EPS increased by 11.4%. Interest increased by 22.4%. Profit Before Tax increased by 11.5%.,6493.421875,5763.65234375,6098.19384765625,5662.44189453125,6191.6259765625,6975.69091796875
BAJFINANCE_quarterly_results,2023-06-01,Depreciation increased by 32.4%. EPS increased by 12.7%. Interest increased by 22.7%. Profit Before Tax increased by 13.1%.,7296.37109375,7233.3876953125,7284.033203125,7927.8017578125,7434.57763671875,7223.08935546875
BAJFINANCE_quarterly_results,2023-12-01,Depreciation increased by 13.3%. EPS increased by 5.3%. Interest increased by 20.1%. Profit Before Tax increased by 7.1%.,7262.5908203125,6709.61669921875,6538.62548828125,7214.7314453125,6848.32080078125,6881.00634765625
BAJFINANCE_quarterly_results,2024-06-01,Depreciation increased by 14.8%. EPS increased by 6.9%. Interest increased by 16.1%. Profit Before Tax increased by 7.2%.,7276.75,6771.64990234375,7440.0498046875,7703.0,,
BEL_quarterly_results,2021-12-01,Depreciation increased by 1.1%. EPS increased by 40.0 times. Profit Before Tax increased by 52.5 times.,67.13571166992188,65.91217041015625,69.16529846191406,69.37889862060547,76.81350708007812,79.37771606445312
BEL_quarterly_results,2022-06-01,Depreciation increased by 1.1%. EPS decreased by 26.3%. Profit Before Tax decreased by 26.6%.,74.12026977539062,91.66658782958984,103.71244049072266,95.783203125,105.56097412109376,101.32881927490234
BEL_quarterly_results,2022-12-01,Depreciation increased by 7.4%. EPS increased by 39.0%. Interest increased by 10.0 times. Profit Before Tax increased by 38.4%.,97.5344467163086,88.48638153076172,95.01622772216795,95.19583892822266,102.78390502929688,111.25889587402344
BEL_quarterly_results,2023-06-01,Depreciation remained virtually unchanged. EPS decreased by 11.0%. Interest decreased by 90.0%. Profit Before Tax decreased by 12.0%.,121.95118713378906,128.5537872314453,136.46986389160156,137.80633544921875,131.0744171142578,145.97373962402344
BEL_quarterly_results,2023-12-01,Depreciation decreased by 1.0%. EPS increased by 67.1%. Interest remained virtually unchanged. Profit Before Tax increased by 66.5%.,183.0982818603516,181.5637969970703,204.3154754638672,210.52975463867188,234.1158599853516,317.7892150878906
BEL_quarterly_results,2024-06-01,Depreciation remained virtually unchanged. EPS decreased by 13.1%. Interest remained virtually unchanged. Profit Before Tax decreased by 11.5%.,306.8189392089844,310.3094787597656,296.8999938964844,283.95001220703125,,
BHARTIARTL_quarterly_results,2021-12-01,Depreciation increased by 8.8%. EPS increased by 2.7%. Interest decreased by 10.0%. Profit Before Tax decreased by 0.5%.,681.2972412109375,712.5878295898438,664.4939575195312,747.52490234375,730.6229858398438,684.5988159179688
BHARTIARTL_quarterly_results,2022-06-01,Depreciation increased by 3.4%. EPS decreased by 2.4 times. Interest increased by 19.2%. Profit Before Tax decreased by 2.5 times.,663.7055053710938,687.4437255859375,727.634033203125,795.2449340820312,827.1201171875,840.0383911132812
BHARTIARTL_quarterly_results,2022-12-01,Depreciation increased by 2.8%. EPS decreased by 3.1 times. Interest decreased by 10.5%. Profit Before Tax decreased by 2.0 times.,805.2925415039062,761.3405151367188,742.6312255859375,752.8767700195312,782.2276611328125,819.5968017578125
BHARTIARTL_quarterly_results,2023-06-01,Depreciation increased by 4.1%. EPS decreased by 145.1%. Interest decreased by 2.2%. Profit Before Tax decreased by 167.3%.,870.2802124023438,882.6541137695312,861.1510009765625,920.1720581054688,908.3877563476562,1009.0765991210938
BHARTIARTL_quarterly_results,2023-12-01,Depreciation increased by 7.6%. EPS decreased by 3.8%. Interest increased by 2.8%. Profit Before Tax increased by 3.6%.,1007.4357299804688,1144.820068359375,1122.44482421875,1210.603515625,1296.8231201171875,1383.390625
BHARTIARTL_quarterly_results,2024-06-01,Depreciation increased by 6.3%. EPS increased by 72.9%. Interest increased by 3.3%. Profit Before Tax increased by 49.7%.,1445.9420166015625,1497.1566162109375,1571.3499755859375,1698.699951171875,,
BPCL_quarterly_results,2021-12-01,Depreciation increased by 21.3%. EPS increased by 88.4%. Interest increased by 16.0%. Profit Before Tax increased by 90.7%.,171.28439331054688,168.068115234375,153.8123779296875,168.3348388671875,164.7604217529297,146.57359313964844
BPCL_quarterly_results,2022-06-01,Depreciation increased by 16.1%. EPS decreased by 2.2 times. Interest increased by 9.0%. Profit Before Tax decreased by 2.0 times.,143.1340789794922,150.23794555664062,151.59999084472656,141.28285217285156,139.24688720703125,154.91702270507812
BPCL_quarterly_results,2022-12-01,Depreciation decreased by 1.9%. EPS decreased by 131.3%. Interest increased by 58.8%. Profit Before Tax decreased by 127.8%.,152.74378967285156,153.1326904296875,144.53126525878906,150.95945739746094,165.21127319335938,166.7897186279297
BPCL_quarterly_results,2023-06-01,Depreciation increased by 1.7%. EPS increased by 5.4 times. Interest decreased by 30.6%. Profit Before Tax increased by 6.6 times.,171.70809936523438,172.71463012695312,159.23550415039062,157.91700744628906,165.11082458496094,202.6297149658203
BPCL_quarterly_results,2023-12-01,Depreciation increased by 13.4%. EPS decreased by 67.8%. Interest decreased by 26.1%. Profit Before Tax decreased by 67.3%.,219.00973510742188,246.33447265625,301.9771423339844,291.0278625488281,307.4760131835937,322.7371826171875
BPCL_quarterly_results,2024-06-01,Depreciation decreased by 7.8%. EPS decreased by 11.2%. Interest decreased by 11.8%. Profit Before Tax decreased by 12.0%.,295.0975036621094,338.2648010253906,358.45001220703125,368.25,,
BRITANNIA_quarterly_results,2021-12-01,Depreciation increased by 2.4%. EPS decreased by 23.5%. Interest increased by 9.4%. Profit Before Tax decreased by 18.9%.,3451.34130859375,3488.596923828125,3235.91552734375,3082.217041015625,3120.99951171875,3388.134765625
BRITANNIA_quarterly_results,2022-06-01,Depreciation increased by 2.3%. EPS decreased by 9.8%. Interest increased by 11.4%. Profit Before Tax decreased by 9.8%.,3478.651611328125,3741.95068359375,3608.505615234375,3657.8076171875,3676.2958984375,4271.4619140625
BRITANNIA_quarterly_results,2022-12-01,Depreciation increased by 13.6%. EPS increased by 2.4 times. Interest decreased by 10.3%. Profit Before Tax increased by 2.2 times.,4165.57861328125,4242.0556640625,4250.64404296875,4196.5380859375,4453.087890625,4575.6923828125
BRITANNIA_quarterly_results,2023-06-01,Depreciation increased by 26.0%. EPS decreased by 42.2%. Interest increased by 37.1%. Profit Before Tax decreased by 38.1%.,4943.94873046875,4755.45263671875,4426.7314453125,4437.68896484375,4340.79931640625,4906.88134765625
BRITANNIA_quarterly_results,2023-12-01,Depreciation increased by 12.7%. EPS increased by 21.5%. Interest decreased by 39.6%. Profit Before Tax increased by 21.9%.,5251.4462890625,5082.4462890625,4864.384765625,4832.30224609375,4698.49365234375,5101.3994140625
BRITANNIA_quarterly_results,2024-06-01,Depreciation decreased by 5.6%. EPS decreased by 6.8%. Interest remained virtually unchanged. Profit Before Tax decreased by 8.6%.,5406.13330078125,5656.52392578125,5922.14990234375,6446.0498046875,,
CIPLA_quarterly_results,2021-12-01,Depreciation decreased by 2.2%. EPS decreased by 7.7%. Interest decreased by 25.0%. Profit Before Tax decreased by 10.6%.,903.354248046875,918.7904052734376,896.1701049804688,985.2434692382812,948.1093139648438,954.8566284179688
CIPLA_quarterly_results,2022-06-01,Depreciation decreased by 4.5%. EPS increased by 3.9%. Interest decreased by 66.7%. Profit Before Tax increased by 4.7%.,921.6057739257812,975.2440185546876,997.9805908203124,1103.0953369140625,1144.702392578125,1097.3885498046875
CIPLA_quarterly_results,2022-12-01,Depreciation increased by 1.6%. EPS decreased by 10.6%. Interest increased by 3.0 times. Profit Before Tax decreased by 10.8%.,1044.7579345703125,1006.809326171875,877.5985717773438,869.6478881835938,895.2559204101562,941.1552734375
CIPLA_quarterly_results,2023-06-01,Depreciation increased by 4.6%. EPS increased by 31.9%. Interest decreased by 100.0%. Profit Before Tax increased by 36.1%.,977.299072265625,1168.4427490234375,1234.9290771484375,1172.8553466796875,1191.1502685546875,1195.562744140625
CIPLA_quarterly_results,2023-12-01,Depreciation decreased by 0.7%. EPS increased by 24.4%. Profit Before Tax increased by 20.5%.,1240.48193359375,1375.9830322265625,1458.5330810546875,1486.0498046875,1408.1107177734375,1440.1390380859375
CIPLA_quarterly_results,2024-06-01,Depreciation increased by 2.2%. EPS decreased by 5.2%. Interest decreased by 44.4%. Profit Before Tax decreased by 3.2%.,1466.6641845703125,1533.199951171875,1646.6500244140625,1664.8499755859375,,
COALINDIA_quarterly_results,2021-12-01,Depreciation remained virtually unchanged. EPS decreased by 114.5 times. Profit Before Tax decreased by 126.4 times.,125.3198013305664,131.57371520996094,153.71905517578125,154.84197998046875,156.08970642089844,163.07693481445312
COALINDIA_quarterly_results,2022-06-01,Depreciation remained virtually unchanged. EPS decreased by 97.2%. Profit Before Tax decreased by 96.2%.,152.4297332763672,176.96820068359375,194.21676635742188,181.2717742919922,207.16172790527344,202.99229431152344
COALINDIA_quarterly_results,2022-12-01,Depreciation increased by 2.2 times. EPS increased by 55.0 times. Profit Before Tax increased by 41.1 times.,201.7802581787109,198.09927368164065,201.2014312744141,202.48912048339844,217.1595916748047,211.870849609375
COALINDIA_quarterly_results,2023-06-01,Depreciation remained virtually unchanged. EPS decreased by 89.6%. Interest remained virtually unchanged. Profit Before Tax decreased by 89.0%.,213.0665435791016,221.06863403320312,221.71310424804688,273.1872253417969,286.9916381835937,339.30712890625
COALINDIA_quarterly_results,2023-12-01,Depreciation remained virtually unchanged. EPS increased by 10.1 times. Interest remained virtually unchanged. Profit Before Tax increased by 9.6 times.,373.7125549316406,398.0851440429688,441.9280700683594,437.670654296875,449.40325927734375,507.274169921875
COALINDIA_quarterly_results,2024-06-01,Depreciation remained virtually unchanged. EPS decreased by 99.1%. Interest increased by 2.0 times. Profit Before Tax decreased by 98.7%.,470.09619140625,535.0463256835938,520.8499755859375,508.5,,
DRREDDY_quarterly_results,2021-12-01,Depreciation increased by 4.1%. EPS decreased by 17.5%. Interest increased by 33.3%. Profit Before Tax decreased by 14.7%.,895.9053344726562,795.5367431640625,711.302490234375,789.9987182617188,761.2837524414062,797.2997436523438
DRREDDY_quarterly_results,2022-06-01,Depreciation increased by 8.3%. EPS increased by 46.4%. Interest increased by 25.0%. Profit Before Tax increased by 62.1%.,809.649658203125,785.5430297851562,803.0581665039062,844.6338500976562,866.7355346679688,855.0874633789062
DRREDDY_quarterly_results,2022-12-01,Depreciation increased by 7.7%. EPS decreased by 35.1%. Interest decreased by 70.0%. Profit Before Tax decreased by 35.5%.,809.3551635742188,831.6097412109375,830.2147216796875,889.89794921875,946.0648803710938,869.9366455078125
DRREDDY_quarterly_results,2023-06-01,Depreciation decreased by 0.8%. EPS increased by 5.1 times. Interest increased by 33.3%. Profit Before Tax increased by 4.6 times.,974.3297729492188,1126.73779296875,1109.141845703125,1085.909423828125,1062.9952392578125,1143.1107177734375
DRREDDY_quarterly_results,2023-12-01,Depreciation increased by 3.8%. EPS decreased by 71.1%. Interest increased by 50.0%. Profit Before Tax decreased by 71.5%.,1157.4757080078125,1191.57373046875,1231.417724609375,1242.7109375,1250.09716796875,1149.850830078125
DRREDDY_quarterly_results,2024-06-01,Depreciation increased by 1.6%. EPS increased by 3.0 times. Interest increased by 16.7%. Profit Before Tax increased by 3.0 times.,1263.25927734375,1377.5899658203125,1374.4300537109375,1349.8199462890625,,
EICHERMOT_quarterly_results,2021-12-01,Depreciation remained virtually unchanged. EPS increased by 58.0%. Interest increased by 2.5 times. Profit Before Tax increased by 57.9%.,2642.066650390625,2548.192626953125,2437.3134765625,2411.17236328125,2480.4599609375,2693.473388671875
EICHERMOT_quarterly_results,2022-06-01,Depreciation increased by 3.6%. EPS increased by 37.4%. Interest decreased by 40.0%. Profit Before Tax increased by 35.9%.,2704.26025390625,3001.235107421875,3337.37744140625,3388.001708984375,3715.76220703125,3362.6650390625
EICHERMOT_quarterly_results,2022-12-01,Depreciation increased by 14.9%. EPS increased by 17.3%. Interest increased by 33.3%. Profit Before Tax increased by 19.6%.,3158.603515625,3231.238037109375,3070.512451171875,2938.938720703125,3283.1337890625,3635.203857421875
EICHERMOT_quarterly_results,2023-06-01,Depreciation increased by 3.1%. EPS increased by 34.3%. Interest decreased by 25.0%. Profit Before Tax increased by 32.3%.,3551.857666015625,3341.583740234375,3363.136474609375,3314.67333984375,3246.28125,3848.55810546875
EICHERMOT_quarterly_results,2023-12-01,Depreciation increased by 2.2%. EPS decreased by 0.1%. Interest increased by 66.7%. Profit Before Tax increased by 1.0%.,3994.095703125,3890.09765625,3801.430419921875,3903.400390625,4551.96435546875,4619.66455078125
EICHERMOT_quarterly_results,2024-06-01,Depreciation increased by 14.5%. EPS increased by 19.0%. Interest decreased by 20.0%. Profit Before Tax increased by 17.4%.,4584.7509765625,4914.34912109375,4911.9501953125,4972.64990234375,,
GRASIM_quarterly_results,2022-03-01,Depreciation increased by 36.7%. EPS increased by 9.1%. Interest increased by 47.3%. Profit Before Tax decreased by 48.0%.,1642.8009033203125,1652.244873046875,1413.1953125,1325.3472900390625,1542.90185546875,1662.7672119140625
GRASIM_quarterly_results,2022-09-01,Depreciation decreased by 6.0%. EPS decreased by 9.7%. Interest increased by 4.9%. Profit Before Tax increased by 92.3%.,1614.8577880859375,1738.0604248046875,1776.200439453125,1708.456298828125,1566.8497314453125,1572.6224365234375
GRASIM_quarterly_results,2023-03-01,Depreciation increased by 12.8%. EPS decreased by 90.3%. Interest increased by 25.9%. Profit Before Tax decreased by 89.4%.,1606.469970703125,1716.597412109375,1679.9869384765625,1770.032958984375,1813.452392578125,1797.41845703125
GRASIM_quarterly_results,2023-09-01,Depreciation decreased by 2.7%. EPS increased by 8.5 times. Interest remained virtually unchanged. Profit Before Tax increased by 7.1 times.,1906.5137939453125,,2000.37841796875,2110.763671875,2120.45166015625,2246.267822265625
GRASIM_quarterly_results,2024-03-01,Depreciation increased by 16.1%. EPS decreased by 157.4%. Interest increased by 13.1%. Profit Before Tax decreased by 140.6%.,2283.77392578125,2428.019775390625,2359.73193359375,2715.962890625,2756.40771484375,2690.800048828125
HCLTECH_quarterly_results,2021-12-01,Depreciation increased by 10.3%. EPS decreased by 1.3%. Interest decreased by 6.7%. Profit Before Tax increased by 0.5%.,1169.956298828125,1007.7825927734376,992.4365234375,1040.56591796875,965.010009765625,920.689453125
HCLTECH_quarterly_results,2022-06-01,Depreciation decreased by 19.5%. EPS increased by 1.5%. Interest decreased by 3.6%. Profit Before Tax increased by 4.7%.,882.2030639648438,870.89208984375,847.0193481445312,850.8609008789062,979.2872924804688,1049.820556640625
HCLTECH_quarterly_results,2022-12-01,Depreciation increased by 17.1%. EPS increased by 19.4%. Interest increased by 22.2%. Profit Before Tax increased by 18.3%.,960.2567749023438,1055.311279296875,1026.4141845703125,1023.6640625,1012.1466064453124,1082.6378173828125
HCLTECH_quarterly_results,2023-06-01,Depreciation decreased by 26.2%. EPS decreased by 18.8%. Interest decreased by 12.1%. Profit Before Tax decreased by 17.4%.,1120.277587890625,1088.727294921875,1133.959716796875,1184.5467529296875,1215.4197998046875,1290.4815673828125
HCLTECH_quarterly_results,2023-12-01,Depreciation increased by 34.0%. EPS increased by 28.9%. Interest remained virtually unchanged. Profit Before Tax increased by 28.8%.,1432.447021484375,1534.606689453125,1599.497314453125,1514.46826171875,1323.78564453125,1295.957763671875
HCLTECH_quarterly_results,2024-06-01,Depreciation decreased by 15.8%. EPS decreased by 25.9%. Interest increased by 62.1%. Profit Before Tax decreased by 22.5%.,1448.1856689453125,1629.8717041015625,1794.8905029296875,1804.6763916015625,,
HDFCBANK_quarterly_results,2021-12-01,EPS increased by 33.4%. Interest increased by 4.1%. Profit Before Tax increased by 33.7%.,1465.1453857421875,1443.3076171875,1324.960205078125,1451.98486328125,1353.3538818359375,1360.457763671875
HDFCBANK_quarterly_results,2022-06-01,EPS decreased by 11.3%. Interest increased by 11.9%. Profit Before Tax decreased by 11.6%.,1320.37109375,1410.492919921875,1435.851806640625,1378.355224609375,1475.9384765625,1579.568603515625
HDFCBANK_quarterly_results,2022-12-01,EPS increased by 32.7%. Interest increased by 25.7%. Profit Before Tax increased by 33.2%.,1588.541748046875,1587.420166015625,1558.6474609375,1570.8392333984375,1645.648193359375,1582.3917236328125
HDFCBANK_quarterly_results,2023-06-01,EPS decreased by 2.8%. Interest increased by 26.7%. Profit Before Tax decreased by 1.9%.,1696.6318359375,1639.8570556640625,1553.4864501953125,1487.734375,1454.6363525390625,1534.446533203125
HDFCBANK_quarterly_results,2023-12-01,EPS increased by 0.9%. Interest increased by 68.5%. Profit Before Tax increased by 22.1%.,1675.2239990234375,1446.5960693359375,1411.4757080078125,1450.690185546875,1511.6082763671875,1572.199951171875
HDFCBANK_quarterly_results,2024-06-01,EPS decreased by 1.4%. Interest increased by 2.6%. Profit Before Tax increased by 9.5%.,1705.199951171875,1638.800048828125,1626.949951171875,1726.199951171875,,
HDFCLIFE_quarterly_results,2021-12-01,EPS decreased by 10.0%. Profit Before Tax decreased by 3.9%.,644.3606567382812,618.0118408203125,555.5072631835938,545.1558837890625,574.3775024414062,603.1036987304688
HDFCLIFE_quarterly_results,2022-06-01,EPS increased by 25.9%. Profit Before Tax increased by 28.3%.,561.6815795898438,542.410888671875,571.763916015625,515.2431640625,540.9208984375,592.4750366210938
HDFCLIFE_quarterly_results,2022-12-01,EPS decreased by 13.5%. Profit Before Tax decreased by 51.3%.,566.499267578125,512.26318359375,486.486083984375,500.3431396484375,540.8712158203125,578.3199462890625
HDFCLIFE_quarterly_results,2023-06-01,EPS increased by 31.3%. Profit Before Tax increased by 2.4 times.,648.49462890625,640.5715942382812,639.17626953125,631.4027099609375,617.948486328125,679.8380737304688
HDFCLIFE_quarterly_results,2023-12-01,EPS decreased by 11.9%. Profit Before Tax decreased by 16.9%.,646.5014038085938,585.1101684570312,587.9505004882812,632.5986938476562,574.3966064453125,548.2355346679688
HDFCLIFE_quarterly_results,2024-06-01,EPS increased by 30.6%. Profit Before Tax increased by 9.6%.,600.75,713.5999755859375,745.2999877929688,710.2000122070312,,
HEROMOTOCO_quarterly_results,2021-12-01,Depreciation increased by 0.6%. EPS increased by 87.8%. Interest increased by 16.7%. Profit Before Tax increased by 88.2%.,2276.89794921875,2506.876953125,2279.967529296875,2105.04443359375,2337.28857421875,2591.28662109375
HEROMOTOCO_quarterly_results,2022-06-01,Depreciation decreased by 0.6%. EPS decreased by 9.0%. Interest remained virtually unchanged. Profit Before Tax decreased by 9.5%.,2597.112548828125,2703.250244140625,2737.364013671875,2403.26416015625,2543.7177734375,2732.74951171875
HEROMOTOCO_quarterly_results,2022-12-01,Depreciation decreased by 0.6%. EPS increased by 13.9%. Interest decreased by 28.6%. Profit Before Tax increased by 14.1%.,2584.397705078125,2595.1982421875,2373.736083984375,2373.736083984375,2437.007080078125,2734.32177734375
HEROMOTOCO_quarterly_results,2023-06-01,Depreciation increased by 4.3%. EPS increased by 16.0%. Interest remained virtually unchanged. Profit Before Tax increased by 16.5%.,2830.3515625,3062.98291015625,2890.485595703125,2977.573486328125,3053.454345703125,3712.586669921875
HEROMOTOCO_quarterly_results,2023-12-01,Depreciation increased by 8.3%. EPS increased by 30.1%. Interest remained virtually unchanged. Profit Before Tax increased by 29.4%.,4066.614990234375,4528.86181640625,4474.251953125,4646.63671875,4528.25537109375,5122.9892578125
HEROMOTOCO_quarterly_results,2024-06-01,Depreciation increased by 5.5%. EPS increased by 4.6%. Interest remained virtually unchanged. Profit Before Tax increased by 5.4%.,5562.2646484375,5371.85009765625,5578.2001953125,5750.10009765625,,
HINDALCO_quarterly_results,2021-12-01,Depreciation decreased by 1.1%. EPS increased by 52.6%. Interest increased by 6.9%. Profit Before Tax increased by 48.7%.,467.9494934082031,500.203369140625,587.4207153320312,558.4461669921875,474.1653442382813,401.9736022949219
HINDALCO_quarterly_results,2022-06-01,Depreciation increased by 3.2%. EPS increased by 4.2%. Interest decreased by 10.2%. Profit Before Tax increased by 8.7%.,333.9420166015625,415.0415344238281,416.8232727050781,376.3214416503906,409.364990234375,457.7696228027344
HINDALCO_quarterly_results,2022-12-01,Depreciation increased by 2.9%. EPS decreased by 65.5%. Interest decreased by 7.2%. Profit Before Tax decreased by 69.0%.,481.1322937011719,462.1655883789063,408.0313720703125,397.6589660644531,440.7292175292969,401.412841796875
HINDALCO_quarterly_results,2023-06-01,Depreciation increased by 3.9%. EPS increased by 20.3%. Interest increased by 13.9%. Profit Before Tax increased by 33.0%.,420.4783020019531,458.4611511230469,470.5525207519531,477.21435546875,460.0626831054688,514.2520141601562
HINDALCO_quarterly_results,2023-12-01,Depreciation increased by 0.2%. EPS increased by 39.7%. Interest decreased by 9.9%. Profit Before Tax increased by 37.9%.,606.9208374023438,567.9939575195312,516.1411743164062,565.3590087890625,637.7938232421875,691.9832153320312
HINDALCO_quarterly_results,2024-06-01,Depreciation increased by 3.3%. EPS increased by 75.6%. Interest decreased by 23.0%. Profit Before Tax increased by 66.7%.,685.9179077148438,669.6611328125,683.9000244140625,761.5499877929688,,
HINDUNILVR_quarterly_results,2021-12-01,Depreciation increased by 4.5%. EPS increased by 8.9%. Interest increased by 2.3 times. Profit Before Tax increased by 14.8%.,2267.318603515625,2213.88330078125,2063.564453125,1995.4378662109373,2141.724609375,2216.572021484375
HINDUNILVR_quarterly_results,2022-06-01,Depreciation increased by 2.0%. EPS increased by 2.0%. Interest increased by 4.0%. Profit Before Tax increased by 2.1%.,2210.85986328125,2511.779052734375,2524.3720703125,2540.35498046875,2488.45458984375,2596.748046875
HINDUNILVR_quarterly_results,2022-12-01,Depreciation remained virtually unchanged. EPS increased by 9.4%. Interest remained virtually unchanged. Profit Before Tax increased by 9.4%.,2494.890625,2510.347412109375,2405.0283203125,2473.144287109375,2390.83935546875,2630.927978515625
HINDUNILVR_quarterly_results,2023-06-01,Depreciation decreased by 1.2%. EPS decreased by 1.3%. Interest increased by 80.8%. Profit Before Tax decreased by 0.4%.,2655.5126953125,2508.090576171875,2462.571044921875,2427.276123046875,2430.56982421875,2538.914306640625
HINDUNILVR_quarterly_results,2023-12-01,Depreciation increased by 9.7%. EPS increased by 1.9%. Interest increased by 72.3%. Profit Before Tax increased by 2.0%.,2629.13525390625,2449.733154296875,2386.44970703125,2263.84423828125,2204.8193359375,2333.168701171875
HINDUNILVR_quarterly_results,2024-06-01,Depreciation increased by 5.7%. EPS increased by 0.7%. Interest increased by 4.9%. Profit Before Tax remained virtually unchanged.,2505.10009765625,2715.550048828125,2789.050048828125,2923.75,,
ICICIBANK_quarterly_results,2021-12-01,EPS increased by 33.7%. Interest increased by 4.2%. Profit Before Tax increased by 34.7%.,741.3682250976562,785.5769653320312,693.0391235351562,713.786376953125,718.3914184570312,729.6859130859375
ICICIBANK_quarterly_results,2022-06-01,EPS increased by 11.3%. Interest increased by 6.2%. Profit Before Tax increased by 12.6%.,682.42333984375,798.2772827148438,852.7595825195312,827.401611328125,886.163818359375,916.9835815429688
ICICIBANK_quarterly_results,2022-12-01,EPS increased by 19.9%. Interest increased by 15.1%. Profit Before Tax increased by 20.2%.,880.1657104492188,827.0115356445312,835.1552734375,861.9761962890625,899.3305053710938,912.9847412109376
ICICIBANK_quarterly_results,2023-06-01,EPS increased by 15.8%. Interest increased by 25.4%. Profit Before Tax increased by 16.6%.,919.2755126953124,969.991455078125,960.4318237304688,932.2742309570312,906.248291015625,938.61962890625
ICICIBANK_quarterly_results,2023-12-01,EPS increased by 6.2%. Interest increased by 19.3%. Profit Before Tax increased by 6.4%.,990.8698120117188,1016.4000244140624,1077.6229248046875,1090.26416015625,1129.724365234375,1150.0989990234375
ICICIBANK_quarterly_results,2024-06-01,EPS increased by 7.4%. Interest increased by 7.9%. Profit Before Tax increased by 7.5%.,1201.5064697265625,1199.7713623046875,1229.949951171875,1274.4000244140625,,
INDUSINDBK_quarterly_results,2021-12-01,EPS increased by 19.0%. Interest decreased by 1.7%. Profit Before Tax increased by 20.5%.,885.3560180664062,895.0607299804688,879.5817260742188,939.9932250976562,988.0313110351562,900.9320678710938
INDUSINDBK_quarterly_results,2022-06-01,EPS increased by 38.0%. Interest increased by 2.9%. Profit Before Tax increased by 38.2%.,783.3600463867188,1009.4301147460938,1087.26904296875,1131.145263671875,1126.156005859375,1148.412109375
INDUSINDBK_quarterly_results,2022-12-01,EPS increased by 22.2%. Interest increased by 22.3%. Profit Before Tax increased by 22.1%.,1199.7232666015625,1019.2290649414062,1076.556884765625,1055.327880859375,1125.9114990234375,1262.1380615234375
INDUSINDBK_quarterly_results,2023-06-01,EPS increased by 8.3%. Interest increased by 18.2%. Profit Before Tax increased by 8.5%.,1365.19384765625,1379.2874755859375,1400.9964599609375,1419.6395263671875,1416.8702392578125,1445.0079345703125
INDUSINDBK_quarterly_results,2023-12-01,EPS increased by 8.0%. Interest increased by 7.1%. Profit Before Tax increased by 8.1%.,1581.2947998046875,1524.2283935546875,1509.8875732421875,1525.464599609375,1488.6729736328125,1512.904052734375
INDUSINDBK_quarterly_results,2024-06-01,EPS decreased by 6.5%. Interest increased by 13.7%. Profit Before Tax decreased by 6.2%.,1456.9000244140625,1419.8499755859375,1449.050048828125,1409.699951171875,,
INFY_quarterly_results,2021-12-01,Depreciation increased by 9.5%. EPS increased by 25.9%. Interest increased by 3.1%. Profit Before Tax increased by 20.0%.,1779.762451171875,1661.2646484375,1596.3441162109375,1784.543701171875,1444.6595458984375,1400.7933349609375
INFY_quarterly_results,2022-06-01,Depreciation increased by 1.9%. EPS decreased by 16.5%. Interest increased by 3.0%. Profit Before Tax decreased by 11.4%.,1401.5987548828125,1469.4805908203125,1387.197998046875,1320.452880859375,1506.5628662109375,1587.11083984375
INFY_quarterly_results,2022-12-01,Depreciation increased by 10.9%. EPS increased by 27.0%. Interest increased by 20.6%. Profit Before Tax increased by 20.2%.,1459.6324462890625,1485.587890625,1432.8629150390625,1351.2613525390625,1223.49560546875,1263.769775390625
INFY_quarterly_results,2023-06-01,Depreciation increased by 4.6%. EPS decreased by 3.0%. Interest increased by 4.9%. Profit Before Tax decreased by 1.8%.,1294.538818359375,1325.114013671875,1401.45458984375,1391.8936767578125,1331.4012451171875,1427.9024658203125
INFY_quarterly_results,2023-12-01,Depreciation decreased by 1.1%. EPS increased by 10.0%. Interest increased by 90.7%. Profit Before Tax increased by 9.0%.,1525.28857421875,1629.212890625,1626.9022216796875,1470.3275146484375,1390.688232421875,1390.072509765625
INFY_quarterly_results,2024-06-01,Depreciation decreased by 5.4%. EPS decreased by 12.0%. Interest decreased by 28.0%. Profit Before Tax decreased by 8.4%.,1572.890869140625,1831.7435302734373,1942.3837890625,1882.910888671875,,
ITC_quarterly_results,2021-12-01,Depreciation increased by 3.5%. EPS increased by 37.6%. Interest increased by 10.0%. Profit Before Tax increased by 36.8%.,198.25357055664065,206.0805511474609,199.31678771972656,234.49578857421875,243.6145477294922,257.57196044921875
ITC_quarterly_results,2022-06-01,Depreciation increased by 0.7%. EPS increased by 0.3%. Interest decreased by 18.2%. Profit Before Tax increased by 0.9%.,269.4154663085937,291.3495483398437,300.9190979003906,307.3619079589844,331.1436767578125,321.7162475585937
ITC_quarterly_results,2022-12-01,Depreciation decreased by 1.2%. EPS increased by 19.8%. Interest increased by 11.1%. Profit Before Tax increased by 20.5%.,315.3681030273437,342.41864013671875,364.46875,364.66119384765625,408.4994812011719,425.78363037109375
ITC_quarterly_results,2023-06-01,Depreciation decreased by 1.2%. EPS decreased by 2.7%. Interest increased by 10.0%. Profit Before Tax decreased by 2.0%.,448.5882873535156,450.0892028808594,427.09088134765625,425.8320617675781,414.55078125,435.56396484375
ITC_quarterly_results,2023-12-01,Depreciation increased by 3.7%. EPS increased by 13.5%. Interest increased by 9.1%. Profit Before Tax increased by 2.7%.,453.236328125,428.8823547363281,402.3633728027344,419.26361083984375,431.3492431640625,422.8500061035156
ITC_quarterly_results,2024-06-01,Depreciation increased by 3.4%. EPS decreased by 11.9%. Interest decreased by 8.3%. Profit Before Tax decreased by 2.6%.,429.0499877929688,493.7000122070313,510.0499877929688,516.2000122070312,,
JSWSTEEL_quarterly_results,2021-12-01,Depreciation increased by 23.9%. EPS decreased by 34.9%. Interest increased by 5.2%. Profit Before Tax decreased by 35.5%.,639.3341064453125,627.1138305664062,617.81689453125,701.7772216796875,701.5375366210938,545.8373413085938
JSWSTEEL_quarterly_results,2022-06-01,Depreciation decreased by 4.9%. EPS decreased by 72.1%. Interest increased by 16.1%. Profit Before Tax decreased by 71.8%.,554.7987670898438,631.571533203125,653.7041625976562,616.1083374023438,678.1588134765625,737.3933715820312
JSWSTEEL_quarterly_results,2022-12-01,Depreciation increased by 7.3%. EPS increased by 29.4%. Interest increased by 30.5%. Profit Before Tax increased by 21.7%.,766.0472412109375,720.9915161132812,668.6240234375,674.058349609375,729.0936279296875,685.5692749023438
JSWSTEEL_quarterly_results,2023-06-01,Depreciation increased by 0.2%. EPS increased by 38.0%. Interest increased by 8.4%. Profit Before Tax increased by 48.3%.,784.5241088867188,814.51953125,800.1322021484375,764.26318359375,718.8191528320312,804.4979858398438
JSWSTEEL_quarterly_results,2023-12-01,Depreciation increased by 6.8%. EPS increased by 40.1%. Interest increased by 6.5%. Profit Before Tax increased by 26.6%.,870.7787475585938,795.46875,829.7006225585938,865.1727294921875,883.4296875,908.1857299804688
JSWSTEEL_quarterly_results,2024-06-01,Depreciation increased by 8.1%. EPS decreased by 50.1%. Interest increased by 2.5%. Profit Before Tax decreased by 50.3%.,936.5634765625,934.5499877929688,940.4500122070312,1027.300048828125,,
KOTAKBANK_quarterly_results,2021-12-01,EPS increased by 29.7%. Interest increased by 1.0%. Profit Before Tax increased by 29.6%.,1819.857666015625,1877.56201171875,1801.4539794921875,1772.177978515625,1769.8837890625,1860.4052734375
KOTAKBANK_quarterly_results,2022-06-01,EPS decreased by 2.9%. Interest increased by 3.0%. Profit Before Tax decreased by 2.6%.,1663.552001953125,1851.078857421875,1899.202880859375,1780.48095703125,1905.540771484375,1930.5926513671875
KOTAKBANK_quarterly_results,2022-12-01,EPS increased by 34.8%. Interest increased by 26.7%. Profit Before Tax increased by 34.1%.,1821.5521240234373,1741.35595703125,1741.5556640625,1742.35400390625,1917.4678955078125,1926.350830078125
KOTAKBANK_quarterly_results,2023-06-01,EPS increased by 23.5%. Interest increased by 27.5%. Profit Before Tax increased by 23.9%.,1840.415771484375,1846.4542236328125,1769.160888671875,1725.1593017578125,1722.5120849609375,1748.58349609375
KOTAKBANK_quarterly_results,2023-12-01,EPS decreased by 13.0%. Interest increased by 23.0%. Profit Before Tax decreased by 13.0%.,1907.059814453125,1820.75439453125,1725.8084716796875,1788.739501953125,1573.9249267578125,1716.1690673828125
KOTAKBANK_quarterly_results,2024-06-01,EPS increased by 2.1 times. Interest increased by 12.5%. Profit Before Tax increased by 2.1 times.,1806.1204833984373,1792.6500244140625,1780.25,1879.4000244140625,,
LT_quarterly_results,2021-12-01,Depreciation increased by 10.4%. EPS increased by 2.4 times. Interest decreased by 11.1%. Profit Before Tax increased by 2.4 times.,1850.06689453125,1915.1563720703125,1716.9537353515625,1722.3416748046875,1615.8800048828125,1585.620361328125
LT_quarterly_results,2022-06-01,Depreciation increased by 19.2%. EPS decreased by 50.1%. Interest increased by 21.4%. Profit Before Tax decreased by 45.4%.,1512.6414794921875,1768.369873046875,1864.111572265625,1772.8526611328125,1972.764892578125,2050.527587890625
LT_quarterly_results,2022-12-01,Depreciation decreased by 2.0%. EPS increased by 2.0 times. Interest increased by 0.8%. Profit Before Tax increased by 82.1%.,2036.10546875,2090.7734375,2061.295654296875,2114.7451171875,2323.573974609375,2151.43408203125
LT_quarterly_results,2023-06-01,Depreciation increased by 13.1%. EPS decreased by 1.8%. Interest increased by 7.7%. Profit Before Tax decreased by 4.5%.,2391.39697265625,2622.038330078125,2681.02490234375,3049.280029296875,2872.718017578125,3165.76416015625
LT_quarterly_results,2023-12-01,Depreciation increased by 15.6%. EPS increased by 21.9%. Interest increased by 15.2%. Profit Before Tax increased by 18.7%.,3497.952880859375,3371.4970703125,3605.16015625,3808.065185546875,3571.425537109375,3866.75390625
LT_quarterly_results,2024-06-01,Depreciation increased by 9.8%. EPS increased by 38.6%. Interest decreased by 10.0%. Profit Before Tax increased by 29.4%.,3526.550048828125,3779.300048828125,3683.10009765625,3653.5,,
M&M_quarterly_results,2021-12-01,Depreciation increased by 15.4%. EPS increased by 55.9%. Interest decreased by 23.9%. Profit Before Tax increased by 43.6%.,798.6203002929688,837.0210571289062,749.1034545898438,795.492431640625,886.7302856445312,1007.995849609375
M&M_quarterly_results,2022-06-01,Depreciation increased by 7.8%. EPS increased by 5.1%. Interest increased by 29.6%. Profit Before Tax increased by 8.3%.,1065.7413330078125,1203.4305419921875,1275.67041015625,1216.6534423828125,1316.505859375,1257.5860595703125
M&M_quarterly_results,2022-12-01,Depreciation increased by 19.3%. EPS increased by 8.9%. Interest decreased by 1.4%. Profit Before Tax increased by 11.6%.,1227.8345947265625,1314.5614013671875,1236.876708984375,1137.4617919921875,1202.9930419921875,1282.33056640625
M&M_quarterly_results,2023-06-01,Depreciation increased by 1.3%. EPS increased by 80.6%. Interest decreased by 52.2%. Profit Before Tax increased by 70.6%.,1427.2476806640625,1482.4949951171875,1580.3782958984375,1526.224853515625,1444.0267333984375,1613.6844482421875
M&M_quarterly_results,2023-12-01,Depreciation decreased by 2.6%. EPS decreased by 11.1%. Interest increased by 6.1%. Profit Before Tax decreased by 6.6%.,1690.9190673828125,1639.1480712890625,1958.60888671875,1902.023193359375,2169.266357421875,2614.853759765625
M&M_quarterly_results,2024-06-01,Depreciation increased by 11.9%. EPS increased by 6.5%. Interest increased by 51.4%. Profit Before Tax increased by 9.1%.,2854.946044921875,2828.39990234375,2777.0,3165.5,,
MARUTI_quarterly_results,2021-12-01,Depreciation decreased by 13.9%. EPS increased by 2.3 times. Interest increased by 13.6%. Profit Before Tax increased by 2.2 times.,7335.7138671875,8345.314453125,7618.7529296875,7507.45751953125,7443.79150390625,7740.8212890625
MARUTI_quarterly_results,2022-06-01,Depreciation increased by 1.7%. EPS increased by 0.1%. Interest increased by 8.0%. Profit Before Tax increased by 8.2%.,8192.435546875,8778.2099609375,8856.7119140625,8388.08984375,9278.814453125,8791.595703125
MARUTI_quarterly_results,2022-12-01,Depreciation increased by 9.1%. EPS increased by 2.3 times. Interest increased by 11.1%. Profit Before Tax increased by 2.2 times.,8247.0615234375,8605.814453125,8601.203125,8344.95703125,8613.666015625,9154.86328125
MARUTI_quarterly_results,2023-06-01,Depreciation increased by 5.4%. EPS increased by 5.7%. Interest increased by 53.3%. Profit Before Tax increased by 8.0%.,9493.1552734375,9536.091796875,10234.5810546875,10250.0849609375,10132.048828125,10486.650390625
MARUTI_quarterly_results,2023-12-01,Depreciation increased by 0.5%. EPS increased by 21.0%. Interest decreased by 23.9%. Profit Before Tax increased by 27.1%.,10187.0791015625,10538.4111328125,11512.212890625,12451.986328125,12685.5302734375,12359.4111328125
MARUTI_quarterly_results,2024-06-01,Depreciation decreased by 2.8%. EPS increased by 16.6%. Interest increased by 62.9%. Profit Before Tax increased by 15.7%.,11995.349609375,13234.0498046875,12427.400390625,13166.0,,
NESTLEIND_quarterly_results,2021-12-01,Depreciation increased by 11.6%. EPS decreased by 29.5%. Interest decreased by 15.4%. Profit Before Tax decreased by 31.5%.,1911.9356689453125,1814.1673583984373,1733.80517578125,1705.880859375,1800.5611572265625,1683.4891357421875
NESTLEIND_quarterly_results,2022-06-01,Depreciation decreased by 3.8%. EPS increased by 34.3%. Interest decreased by 15.9%. Profit Before Tax increased by 39.0%.,1737.533447265625,1880.1044921875,1926.7529296875,1854.4639892578125,2022.39697265625,1969.3123779296875
NESTLEIND_quarterly_results,2022-12-01,Depreciation decreased by 2.9%. EPS increased by 23.1%. Interest increased by 21.6%. Profit Before Tax increased by 23.6%.,1921.3848876953125,1875.05322265625,1844.5059814453125,1935.5189208984373,2146.626953125,2159.30712890625
NESTLEIND_quarterly_results,2023-06-01,Depreciation increased by 8.1%. EPS increased by 11.2%. Interest decreased by 26.7%. Profit Before Tax increased by 9.3%.,2234.15673828125,2230.322265625,2163.37890625,2202.8349609375,2370.2705078125,2416.52880859375
NESTLEIND_quarterly_results,2023-12-01,Depreciation increased by 1.9%. EPS decreased by 6.1%. Interest decreased by 30.3%. Profit Before Tax decreased by 5.6%.,2717.748291015625,,2590.215576171875,2574.434326171875,2501.45068359375,2344.8798828125
NESTLEIND_quarterly_results,2024-06-01,Depreciation increased by 3.7%. EPS increased by 13.8%. Interest increased by 39.1%. Profit Before Tax increased by 13.9%.,2557.009765625,2484.0,2509.89990234375,2707.050048828125,,
NTPC_quarterly_results,2021-12-01,Depreciation increased by 15.9%. EPS increased by 35.2%. Interest decreased by 0.3%. Profit Before Tax increased by 27.7%.,112.3540496826172,125.86328125,120.17351531982422,131.18597412109375,144.53860473632812,143.8961944580078
NTPC_quarterly_results,2022-06-01,Depreciation increased by 1.5%. EPS decreased by 12.6%. Interest increased by 9.6%. Profit Before Tax decreased by 7.7%.,129.07525634765625,143.62088012695312,150.30404663085938,149.97671508789062,170.03907775878906,161.0601043701172
NTPC_quarterly_results,2022-12-01,Depreciation increased by 5.3%. EPS increased by 20.6%. Interest increased by 32.3%. Profit Before Tax increased by 18.8%.,157.13180541992188,159.00242614746094,165.31654357910156,170.64315795898438,168.53170776367188,167.3800048828125
NTPC_quarterly_results,2023-06-01,Depreciation decreased by 1.6%. EPS decreased by 9.3%. Interest decreased by 12.5%. Profit Before Tax decreased by 5.6%.,183.55177307128903,216.08718872070312,224.51193237304688,234.7303009033203,226.36099243164065,264.26348876953125
NTPC_quarterly_results,2023-12-01,Depreciation increased by 7.1%. EPS increased by 12.4%. Interest increased by 10.7%. Profit Before Tax increased by 4.3%.,304.3524780273437,316.3890380859375,340.8099365234375,339.6689453125,366.1598205566406,388.7316589355469
NTPC_quarterly_results,2024-06-01,Depreciation increased by 4.7%. EPS decreased by 1.3%. Interest decreased by 4.8%. Profit Before Tax increased by 3.5%.,366.8543701171875,420.1338195800781,410.0,440.1000061035156,,
ONGC_quarterly_results,2021-12-01,Depreciation increased by 4.1%. EPS increased by 2.0 times. Interest decreased by 6.1%. Profit Before Tax increased by 69.2%.,121.46138763427734,145.1508026123047,139.8154296875,144.1055450439453,134.1524658203125,128.48947143554688
ONGC_quarterly_results,2022-06-01,Depreciation increased by 4.0%. EPS increased by 73.5%. Interest increased by 9.3%. Profit Before Tax increased by 78.1%.,112.44437408447266,118.75086212158205,118.32999420166016,116.30950164794922,118.72528839111328,129.18130493164062
ONGC_quarterly_results,2022-12-01,Depreciation increased by 7.6%. EPS decreased by 27.4%. Interest increased by 8.5%. Profit Before Tax decreased by 27.9%.,138.7742156982422,133.05535888671875,146.57785034179688,145.48890686035156,155.52589416503906,145.48890686035156
ONGC_quarterly_results,2023-06-01,Depreciation increased by 2.9%. EPS decreased by 4.7%. Interest increased by 46.1%. Profit Before Tax decreased by 4.3%.,154.24758911132812,167.3146209716797,172.58184814453125,175.2880859375,177.28216552734375,190.2657470703125
ONGC_quarterly_results,2023-12-01,Depreciation increased by 2.1%. EPS decreased by 6.1%. Interest increased by 1.5%. Profit Before Tax decreased by 10.2%.,200.8279266357422,242.1964111328125,268.46466064453125,267.8196716308594,280.6202392578125,281.9102478027344
ONGC_quarterly_results,2024-06-01,Depreciation increased by 15.6%. EPS decreased by 9.7%. Interest increased by 15.5%. Profit Before Tax decreased by 5.2%.,270.84619140625,339.1158752441406,326.20001220703125,291.95001220703125,,
POWERGRID_quarterly_results,2021-12-01,Depreciation increased by 5.5%. EPS decreased by 45.0%. Interest decreased by 19.4%. Profit Before Tax decreased by 43.4%.,132.65660095214844,137.80108642578125,140.26644897460938,149.6773681640625,154.00045776367188,152.43748474121094
POWERGRID_quarterly_results,2022-06-01,Depreciation increased by 0.3%. EPS increased by 12.5%. Interest increased by 7.0%. Profit Before Tax increased by 1.3%.,137.34005737304688,145.62034606933594,151.85256958007812,141.5768280029297,157.9307098388672,152.59629821777344
POWERGRID_quarterly_results,2022-12-01,Depreciation increased by 3.2%. EPS decreased by 1.7%. Interest increased by 53.2%. Profit Before Tax decreased by 6.3%.,147.8856658935547,148.91720581054688,154.08604431152344,158.09835815429688,169.00897216796875,164.01119995117188
POWERGRID_quarterly_results,2023-06-01,Depreciation decreased by 4.9%. EPS decreased by 4.3%. Interest decreased by 30.2%. Profit Before Tax increased by 2.5%.,176.32965087890625,177.24472045898438,180.99359130859372,190.9451446533203,192.2847595214844,205.03860473632807
POWERGRID_quarterly_results,2023-12-01,Depreciation increased by 0.6%. EPS increased by 12.1%. Interest increased by 18.6%. Profit Before Tax increased by 12.9%.,232.39984130859372,259.2733764648437,285.3276672363281,277.83990478515625,311.0140991210937,334.86578369140625
POWERGRID_quarterly_results,2024-06-01,Depreciation decreased by 2.7%. EPS decreased by 14.1%. Interest decreased by 14.1%. Profit Before Tax decreased by 8.6%.,326.8821716308594,358.1224060058594,335.54998779296875,350.79998779296875,,
RELIANCE_quarterly_results,2021-12-01,Depreciation increased by 3.5%. EPS increased by 10.8%. Interest decreased by 2.1%. Profit Before Tax increased by 22.1%.,1094.2698974609375,1082.8212890625,1091.8572998046875,1208.9842529296875,1265.7042236328125,1198.8101806640625
RELIANCE_quarterly_results,2022-06-01,Depreciation decreased by 13.4%. EPS increased by 48.4%. Interest increased by 13.7%. Profit Before Tax increased by 56.7%.,1096.477783203125,1172.11181640625,1169.3367919921875,1082.1527099609375,1155.384521484375,1243.7333984375
RELIANCE_quarterly_results,2022-12-01,Depreciation increased by 12.5%. EPS decreased by 44.5%. Interest increased by 28.0%. Profit Before Tax decreased by 39.9%.,1176.415771484375,1068.63427734375,1070.4610595703125,1064.775146484375,1114.82958984375,1124.96826171875
RELIANCE_quarterly_results,2023-06-01,Depreciation increased by 53.5%. EPS increased by 14.9%. Interest increased by 7.4%. Profit Before Tax increased by 8.8%.,1194.5924072265625,1243.532958984375,1202.2445068359375,1155.1544189453125,1144.814453125,
RELIANCE_quarterly_results,2023-12-01,Depreciation increased by 17.6%. EPS increased by 3.1%. Interest decreased by 17.1%. Profit Before Tax increased by 1.9%.,1290.7442626953125,1421.8243408203125,1487.077880859375,1479.7528076171875,1461.5894775390625,1505.21630859375
RELIANCE_quarterly_results,2024-06-01,Depreciation increased by 3.1%. EPS decreased by 23.3%. Interest decreased by 0.6%. Profit Before Tax decreased by 21.8%.,1554.872802734375,1510.174560546875,1516.25,1464.824951171875,,
SBILIFE_quarterly_results,2021-12-01,EPS increased by 63.2%. Profit Before Tax increased by 51.9%.,1202.16650390625,1207.683349609375,1114.4444580078125,1108.75,1076.58349609375,1147.9871826171875
SBILIFE_quarterly_results,2022-06-01,EPS decreased by 27.7%. Profit Before Tax decreased by 26.6%.,1095.3057861328125,1307.8739013671875,1291.193115234375,1232.1380615234375,1263.5079345703125,1285.4169921875
SBILIFE_quarterly_results,2022-12-01,EPS increased by 15.6%. Profit Before Tax increased by 15.0%.,1234.9266357421875,1104.81640625,1113.5301513671875,1101.8209228515625,1148.83642578125,1205.58447265625
SBILIFE_quarterly_results,2023-06-01,EPS increased by 25.3%. Profit Before Tax increased by 25.1%.,1295.6226806640625,1277.6549072265625,1318.1822509765625,1290.132568359375,1333.6544189453125,1421.097412109375
SBILIFE_quarterly_results,2023-12-01,EPS decreased by 15.7%. Profit Before Tax decreased by 14.5%.,1429.5322265625,1430.1810302734375,1539.3848876953125,1489.949951171875,1460.9000244140625,1391.5
SBILIFE_quarterly_results,2024-06-01,EPS increased by 61.7%. Profit Before Tax increased by 61.4%.,1501.8499755859375,1767.25,1888.75,1834.199951171875,,
SBIN_quarterly_results,2021-12-01,EPS increased by 29.6%. Interest increased by 2.8%. Profit Before Tax increased by 29.4%.,447.2290954589844,505.6501159667969,450.5064086914063,482.7566528320313,466.4178161621094,451.7967224121094
SBIN_quarterly_results,2022-06-01,EPS decreased by 28.0%. Interest increased by 6.4%. Profit Before Tax decreased by 27.6%.,450.3978576660156,514.9402465820312,514.5060424804688,501.4336242675781,556.5696411132812,586.6701049804688
SBIN_quarterly_results,2022-12-01,EPS increased by 2.3 times. Interest increased by 17.0%. Profit Before Tax increased by 2.3 times.,590.6256103515625,508.7657165527344,517.7862548828125,508.1869201660156,555.0259399414062,573.138671875
SBIN_quarterly_results,2023-06-01,EPS increased by 18.8%. Interest increased by 17.6%. Profit Before Tax increased by 17.1%.,575.7941284179688,601.7586669921875,560.1563720703125,593.0054931640625,557.058349609375,562.320068359375
SBIN_quarterly_results,2023-12-01,EPS decreased by 45.7%. Interest increased by 17.3%. Profit Before Tax decreased by 45.0%.,630.7721557617188,636.96826171875,756.46435546875,745.7932739257812,816.3599243164062,905.6500244140624
SBIN_quarterly_results,2024-06-01,EPS increased by 85.9%. Interest increased by 5.2%. Profit Before Tax increased by 83.3%.,841.9500122070312,862.6500244140625,822.1500244140625,796.9500122070312,,
SHRIRAMFIN_quarterly_results,2021-12-01,Depreciation increased by 6.1%. EPS increased by 4.0 times. Interest decreased by 4.0%. Profit Before Tax increased by 3.9 times.,1182.801025390625,1210.6983642578125,1036.032470703125,1129.7296142578125,1176.4927978515625,1133.1722412109375
SHRIRAMFIN_quarterly_results,2022-06-01,Depreciation increased by 54.3%. EPS increased by 96.7%. Interest increased by 23.2%. Profit Before Tax increased by 95.9%.,1210.393798828125,1314.7742919921875,1271.1669921875,1118.5408935546875,1154.9283447265625,1230.6197509765625
SHRIRAMFIN_quarterly_results,2022-12-01,Depreciation increased by 7.4%. EPS decreased by 4.1%. Interest increased by 5.6%. Profit Before Tax increased by 31.9%.,1325.24609375,1254.23681640625,1181.052490234375,1243.698974609375,1281.2579345703125,1363.385009765625
SHRIRAMFIN_quarterly_results,2023-06-01,Depreciation increased by 2.3 times. EPS decreased by 5.8%. Interest increased by 11.9%. Profit Before Tax decreased by 5.7%.,1723.9102783203125,1817.80615234375,1875.0264892578125,1884.7347412109373,1865.4161376953125,1984.1685791015625
SHRIRAMFIN_quarterly_results,2023-12-01,Depreciation increased by 11.4%. EPS increased by 8.3%. Interest increased by 6.3%. Profit Before Tax increased by 8.5%.,2029.3343505859373,2374.365966796875,2437.44970703125,2418.84912109375,2568.4013671875,2495.83837890625
SHRIRAMFIN_quarterly_results,2024-06-01,Depreciation increased by 4.1%. EPS increased by 8.8%. Interest increased by 11.4%. Profit Before Tax increased by 9.3%.,2908.736083984375,2989.25,3225.25,3570.39990234375,,
SUNPHARMA_quarterly_results,2021-12-01,Depreciation increased by 15.6%. EPS decreased by 3.7 times. Interest decreased by 20.6%. Profit Before Tax decreased by 4.2 times.,823.0371704101562,864.53076171875,802.1233520507812,887.9151000976562,902.27880859375,820.0535888671875
SUNPHARMA_quarterly_results,2022-06-01,Depreciation increased by 5.4%. EPS increased by 96.3%. Interest increased by 2.4%. Profit Before Tax increased by 99.0%.,810.2823486328125,897.686279296875,854.704833984375,925.92626953125,1016.2149658203124,1025.871337890625
SUNPHARMA_quarterly_results,2022-12-01,Depreciation increased by 15.0%. EPS decreased by 51.9%. Interest increased by 50.6%. Profit Before Tax decreased by 51.2%.,977.3937377929688,994.9417724609376,947.4961547851562,967.003173828125,961.0769653320312,975.5467529296876
SUNPHARMA_quarterly_results,2023-06-01,Depreciation decreased by 3.5%. EPS decreased by 21.7%. Interest increased by 20.6%. Profit Before Tax decreased by 22.9%.,1019.9929809570312,1133.374755859375,1099.228271484375,1131.392333984375,1106.36474609375,1220.401123046875
SUNPHARMA_quarterly_results,2023-12-01,Depreciation decreased by 3.6%. EPS increased by 89.3%. Interest increased by 36.1%. Profit Before Tax increased by 92.6%.,1249.1455078125,1395.5440673828125,1554.321044921875,1624.099853515625,1514.1983642578125,1448.4569091796875
SUNPHARMA_quarterly_results,2024-06-01,Depreciation decreased by 7.5%. EPS decreased by 67.1%. Interest increased by 0.5%. Profit Before Tax decreased by 65.6%.,1515.2947998046875,1715.199951171875,1815.949951171875,1919.949951171875,,
TATACONSUM_quarterly_results,2021-12-01,Depreciation increased by 2.9%. EPS decreased by 38.2%. Interest decreased by 12.5%. Profit Before Tax decreased by 33.3%.,729.09130859375,717.4921264648438,693.0266723632812,769.834716796875,803.5599975585938,741.8601684570312
TATACONSUM_quarterly_results,2022-06-01,Depreciation decreased by 2.8%. EPS increased by 24.0%. Interest remained virtually unchanged. Profit Before Tax increased by 21.8%.,706.93994140625,796.8855590820312,823.7071533203125,764.3165283203125,761.2708129882812,798.9487915039062
TATACONSUM_quarterly_results,2022-12-01,Depreciation increased by 5.7%. EPS increased by 1.2%. Interest remained virtually unchanged. Profit Before Tax increased by 4.2%.,748.9407958984375,727.8175659179688,702.71533203125,704.4837646484375,765.9375610351562,788.2157592773438
TATACONSUM_quarterly_results,2023-06-01,Depreciation increased by 13.5%. EPS increased by 10.6%. Interest increased by 57.1%. Profit Before Tax increased by 11.2%.,852.96923828125,850.8836669921875,838.3699340820312,865.929931640625,896.9660034179688,936.3941040039062
TATACONSUM_quarterly_results,2023-12-01,Depreciation increased by 7.1%. EPS increased by 12.9%. Interest increased by 18.2%. Profit Before Tax increased by 9.6%.,1072.704345703125,1121.9150390625,1192.7764892578125,1079.457763671875,1083.6787109375,1069.1500244140625
TATACONSUM_quarterly_results,2024-06-01,Depreciation remained virtually unchanged. EPS decreased by 38.1%. Interest increased by 5.8 times. Profit Before Tax decreased by 27.7%.,1094.550048828125,1208.3499755859375,1199.699951171875,1196.25,,
TATAMOTORS_quarterly_results,2021-12-01,Depreciation increased by 8.1%. EPS decreased by 113.3%. Interest decreased by 4.8%. Profit Before Tax decreased by 117.4%.,494.5278930664063,501.1864929199219,444.8365783691406,438.4263610839844,430.1776428222656,441.8551025390625
TATAMOTORS_quarterly_results,2022-06-01,Depreciation decreased by 6.4%. EPS decreased by 203.8%. Interest decreased by 1.3%. Profit Before Tax decreased by 160.9%.,410.1520690917969,476.2414855957031,464.0174255371094,395.1949462890625,418.7486267089844,435.5443115234375
TATAMOTORS_quarterly_results,2022-12-01,Depreciation increased by 1.7%. EPS decreased by 2.8 times. Interest decreased by 4.9%. Profit Before Tax decreased by 4.0 times.,392.3625183105469,443.8924255371094,423.3699340820313,421.6307373046875,477.2849731445313,531.8956909179688
TATAMOTORS_quarterly_results,2023-06-01,Depreciation increased by 15.3%. EPS decreased by 112.5%. Interest decreased by 18.1%. Profit Before Tax decreased by 96.1%.,587.1524658203125,641.6698608398438,609.3197021484375,618.541259765625,625.7689208984375,703.2797241210938
TATAMOTORS_quarterly_results,2023-12-01,Depreciation increased by 3.4%. EPS decreased by 72.4 times. Interest remained virtually unchanged. Profit Before Tax increased by 221.2 times.,788.167724609375,875.79736328125,974.3931274414062,989.1973876953124,1024.6380615234375,947.5260009765624
TATAMOTORS_quarterly_results,2024-06-01,Depreciation decreased by 7.0%. EPS decreased by 52.1%. Interest decreased by 16.5%. Profit Before Tax decreased by 37.6%.,1002.0499877929688,1144.4000244140625,1092.6500244140625,965.2000122070312,,
TATASTEEL_quarterly_results,2021-12-01,Depreciation decreased by 0.9%. EPS decreased by 13.8%. Interest decreased by 16.7%. Profit Before Tax decreased by 11.4%.,48.20724105834961,49.2579345703125,54.40589141845703,55.576847076416016,54.652740478515625,44.8779525756836
TATASTEEL_quarterly_results,2022-06-01,Depreciation decreased by 1.2%. EPS decreased by 20.3%. Interest increased by 12.1%. Profit Before Tax decreased by 20.3%.,82.8568344116211,102.75823211669922,101.00209045410156,93.36048126220705,96.0658950805664,105.13140106201172
TATASTEEL_quarterly_results,2022-12-01,Depreciation increased by 11.8%. EPS decreased by 61.5%. Interest increased by 54.7%. Profit Before Tax decreased by 60.5%.,113.20018005371094,115.85812377929688,100.1477508544922,98.81877136230467,104.70423126220705,100.57491302490234
TATASTEEL_quarterly_results,2023-06-01,Depreciation decreased by 1.3%. EPS increased by 2.2 times. Interest decreased by 8.7%. Profit Before Tax increased by 75.6%.,110.86629486083984,120.7668228149414,124.54078674316406,125.4720230102539,114.29717254638672,127.43252563476562
TATASTEEL_quarterly_results,2023-12-01,Depreciation increased by 1.6%. EPS decreased by 11.5%. Interest increased by 3.7%. Profit Before Tax increased by 6.1%.,137.08799743652344,132.13772583007812,146.98851013183594,159.9278106689453,164.0448760986328,170.80859375
TATASTEEL_quarterly_results,2024-06-01,Depreciation increased by 0.9%. EPS decreased by 29.4%. Interest decreased by 12.6%. Profit Before Tax decreased by 25.9%.,174.07000732421875,163.05999755859375,152.8800048828125,167.02999877929688,,
TCS_quarterly_results,2021-12-01,Depreciation increased by 14.3%. EPS increased by 20.2%. Interest increased by 5.0%. Profit Before Tax increased by 16.9%.,3657.20654296875,3647.223876953125,3402.9970703125,3607.015380859375,3399.3984375,3241.4443359375
TCS_quarterly_results,2022-06-01,Depreciation increased by 3.8%. EPS decreased by 12.8%. Interest increased by 46.0%. Profit Before Tax decreased by 11.5%.,3202.703857421875,3195.368896484375,3033.508056640625,2891.359375,3165.666748046875,3375.386962890625
TCS_quarterly_results,2022-12-01,Depreciation increased by 3.8%. EPS increased by 24.1%. Interest decreased by 26.1%. Profit Before Tax increased by 22.3%.,3167.365966796875,3317.89453125,3295.84521484375,3115.07373046875,3133.95849609375,3235.782958984375
TCS_quarterly_results,2023-06-01,Depreciation decreased by 2.7%. EPS decreased by 1.6%. Interest increased by 1.5%. Profit Before Tax remained virtually unchanged.,3209.1455078125,3394.229736328125,3322.60009765625,3454.99462890625,3283.336669921875,3461.765625
TCS_quarterly_results,2023-12-01,Depreciation decreased by 0.5%. EPS increased by 3.7%. Interest increased by 47.8%. Profit Before Tax increased by 0.8%.,3756.9619140625,3808.1826171875,4045.51806640625,3870.035888671875,3817.2236328125,3685.279296875
TCS_quarterly_results,2024-06-01,Depreciation increased by 0.5%. EPS increased by 12.7%. Interest decreased by 28.9%. Profit Before Tax increased by 13.0%.,3959.322509765625,4386.39892578125,4510.046875,4277.46484375,,
TECHM_quarterly_results,2021-12-01,Depreciation increased by 12.3%. EPS increased by 39.2%. Interest decreased by 16.7%. Profit Before Tax increased by 37.6%.,1636.6806640625,1380.7886962890625,1278.6337890625,1363.6865234375,1129.0234375,1051.4443359375
TECHM_quarterly_results,2022-06-01,Depreciation increased by 19.1%. EPS decreased by 31.8%. Interest increased by 86.7%. Profit Before Tax decreased by 32.9%.,926.8226318359376,976.5045166015624,979.5746459960938,935.4757080078124,996.3211669921876,1042.60400390625
TECHM_quarterly_results,2022-12-01,Depreciation decreased by 5.3%. EPS increased by 27.9%. Interest increased by 2.1 times. Profit Before Tax increased by 23.4%.,955.5230712890624,969.01123046875,1066.6458740234375,1044.2130126953125,997.123046875,1060.8719482421875
TECHM_quarterly_results,2023-06-01,Depreciation increased by 5.1%. EPS decreased by 53.6%. Interest decreased by 6.9%. Profit Before Tax decreased by 51.7%.,1061.4871826171875,1110.7259521484375,1192.8526611328125,1181.3421630859375,1092.853271484375,1198.348876953125
TECHM_quarterly_results,2023-12-01,Depreciation decreased by 2.4%. EPS decreased by 13.2%. Interest increased by 38.9%. Profit Before Tax decreased by 25.7%.,1273.5555419921875,1288.6263427734375,1248.6666259765625,1221.912353515625,1243.855712890625,1222.69775390625
TECHM_quarterly_results,2024-06-01,Depreciation increased by 1.0%. EPS increased by 28.3%. Interest decreased by 32.0%. Profit Before Tax increased by 51.7%.,1445.3232421875,1544.449951171875,1646.6500244140625,1625.4000244140625,,
TITAN_quarterly_results,2021-12-01,Depreciation increased by 2.4%. EPS increased by 16.1 times. Interest increased by 18.2%. Profit Before Tax increased by 16.1 times.,2490.15380859375,2399.3330078125,2558.03515625,2487.193603515625,2354.686767578125,2168.259765625
TITAN_quarterly_results,2022-06-01,Depreciation increased by 2.4%. EPS decreased by 19.7%. Interest increased by 5.8%. Profit Before Tax decreased by 19.1%.,1920.2158203125,2352.818359375,2596.1455078125,2548.816650390625,2727.784423828125,2612.6806640625
TITAN_quarterly_results,2022-12-01,Depreciation increased by 6.9%. EPS increased by 19.9%. Interest increased by 10.9%. Profit Before Tax increased by 18.9%.,2540.449951171875,2322.767578125,2358.907958984375,2512.379638671875,2637.582763671875,2799.37158203125
TITAN_quarterly_results,2023-06-01,Depreciation increased by 6.5%. EPS decreased by 18.3%. Interest increased by 29.5%. Profit Before Tax decreased by 19.2%.,3018.61083984375,2992.109375,3106.634765625,3185.82568359375,3163.050048828125,3478.119140625
TITAN_quarterly_results,2023-12-01,Depreciation increased by 19.2%. EPS increased by 33.8%. Interest increased by 68.4%. Profit Before Tax increased by 31.3%.,3665.156982421875,3615.619140625,3753.61767578125,3726.207275390625,3556.8115234375,3250.563720703125
TITAN_quarterly_results,2024-06-01,Depreciation increased by 6.8%. EPS decreased by 26.0%. Interest increased by 36.8%. Profit Before Tax decreased by 24.1%.,3431.449951171875,3468.35009765625,3587.550048828125,3775.949951171875,,
TRENT_quarterly_results,2021-12-01,Depreciation increased by 17.7%. EPS decreased by 258.5%. Interest increased by 5.8%. Profit Before Tax decreased by 259.1%.,1050.6038818359375,1056.382080078125,1101.5509033203125,1264.3763427734375,1216.28125,1107.0616455078125
TRENT_quarterly_results,2022-06-01,Depreciation increased by 64.4%. EPS decreased by 22.7%. Interest increased by 26.0%. Profit Before Tax decreased by 24.0%.,1071.2388916015625,1298.1993408203125,1410.9560546875,1386.8082275390625,1554.197021484375,1460.9482421875
TRENT_quarterly_results,2022-12-01,Depreciation decreased by 7.5%. EPS increased by 56.7%. Interest decreased by 4.3%. Profit Before Tax increased by 57.9%.,1339.2607421875,1213.3822021484375,1288.7197265625,1354.4779052734375,1403.47216796875,1561.3287353515625
TRENT_quarterly_results,2023-06-01,Depreciation increased by 19.8%. EPS decreased by 7.9%. Interest increased by 1.1%. Profit Before Tax decreased by 8.1%.,1750.34912109375,1706.42919921875,2061.685546875,2057.688232421875,2196.14306640625,2805.77490234375
TRENT_quarterly_results,2023-12-01,Depreciation increased by 18.8%. EPS increased by 2.3 times. Interest increased by 7.9%. Profit Before Tax increased by 2.3 times.,3000.041748046875,3100.672607421875,3898.5751953125,3884.13525390625,4643.51416015625,4662.2001953125
TRENT_quarterly_results,2024-06-01,Depreciation increased by 11.4%. EPS decreased by 0.5%. Interest decreased by 67.7%. Profit Before Tax increased by 0.7%.,5515.64990234375,5770.7998046875,7148.2001953125,7612.7001953125,,
ULTRACEMCO_quarterly_results,2021-12-01,Depreciation increased by 1.8%. EPS decreased by 3.0%. Interest decreased by 40.2%. Profit Before Tax decreased by 38.1%.,7599.80517578125,7395.49072265625,6296.53564453125,6563.3779296875,6571.6923828125,5879.642578125
ULTRACEMCO_quarterly_results,2022-06-01,Depreciation increased by 3.1%. EPS decreased by 4.8%. Interest increased by 21.2%. Profit Before Tax increased by 45.8%.,5600.25537109375,6550.68603515625,6563.40185546875,6177.51416015625,6749.8388671875,7198.21875
ULTRACEMCO_quarterly_results,2022-12-01,Depreciation increased by 4.1%. EPS decreased by 36.0%. Interest decreased by 3.0%. Profit Before Tax decreased by 35.8%.,6944.83642578125,7067.0,7198.3671875,7560.900390625,7378.91650390625,7761.0927734375
ULTRACEMCO_quarterly_results,2023-06-01,Depreciation increased by 10.1%. EPS increased by 72.4%. Interest decreased by 1.0%. Profit Before Tax increased by 57.8%.,8375.623046875,8232.9755859375,8213.69140625,8255.9404296875,8332.0390625,8980.591796875
ULTRACEMCO_quarterly_results,2023-12-01,Depreciation increased by 4.7%. EPS increased by 0.2%. Interest increased by 23.4%. Profit Before Tax remained virtually unchanged.,10402.3115234375,9863.8046875,10075.748046875,9895.7158203125,9924.5947265625,10408.3251953125
ULTRACEMCO_quarterly_results,2024-06-01,Depreciation increased by 8.0%. EPS decreased by 0.6%. Interest decreased by 7.2%. Profit Before Tax decreased by 6.1%.,11834.46875,11984.5,11424.900390625,11837.150390625,,
WIPRO_quarterly_results,2021-12-01,Depreciation increased by 6.5%. EPS increased by 36.8%. Interest increased by 2.3 times. Profit Before Tax increased by 7.8%.,708.3485717773438,569.2698974609375,548.0943603515625,594.097900390625,492.7329406738281,468.593994140625
WIPRO_quarterly_results,2022-06-01,Depreciation increased by 4.5%. EPS decreased by 10.2%. Interest increased by 46.0%. Profit Before Tax decreased by 6.0%.,420.0672607421875,427.03521728515625,408.5701904296875,392.6932373046875,390.6028137207031,411.8052978515625
WIPRO_quarterly_results,2022-12-01,Depreciation increased by 3.3%. EPS increased by 8.9%. Interest increased by 19.2%. Profit Before Tax increased by 9.6%.,391.2498474121094,401.5436401367188,390.1180114746094,367.1669616699219,387.5235595703125,406.2835388183594
WIPRO_quarterly_results,2023-06-01,Depreciation decreased by 7.6%. EPS increased by 7.0%. Interest increased by 17.8%. Profit Before Tax increased by 6.0%.,390.7666320800781,406.083984375,415.4639587402344,404.587158203125,380.1393127441406,406.782470703125
WIPRO_quarterly_results,2023-12-01,Depreciation decreased by 1.9%. EPS decreased by 17.8%. Interest decreased by 1.0%. Profit Before Tax decreased by 18.0%.,476.1345520019531,471.3500061035156,519.0999755859375,484.9500122070313,457.3999938964844,444.1000061035156
WIPRO_quarterly_results,2024-06-01,Depreciation decreased by 1.1%. EPS increased by 17.3%. Interest increased by 3.9%. Profit Before Tax increased by 17.0%.,527.3499755859375,521.5499877929688,532.4500122070312,546.75,,
